<?xml version="1.0" encoding="UTF-8"?>
<!DOCTYPE log4j:configuration SYSTEM "log4j.dtd">

<log4j:configuration xmlns:log4j='http://jakarta.apache.org/log4j/'>
	<appender name="Console" class="org.apache.log4j.ConsoleAppender">
		<layout class="org.apache.log4j.PatternLayout">
			<param name="ConversionPattern" value="%d %-5p %c{2} - %m%n" />
		</layout>
		<filter class="org.apache.log4j.varia.LevelRangeFilter">
			<param name="LevelMin" value="debug" />
			<param name="LevelMax" value="error" />
		</filter>
	</appender>

	<!-- [公共Appender] 汇总错误 -->
	<appender name="ERROR-APPENDER" class="org.apache.log4j.DailyRollingFileAppender">
		<param name="file"
			   value="${catalina.home}/logs/behavior/behavior-common-error.log" />
		<param name="append" value="true" />
		<param name="threshold" value="error" />
		<layout class="org.apache.log4j.PatternLayout">
			<param name="ConversionPattern" value="%d %-5p %c{2} - %m%n" />
		</layout>
	</appender>

	<root>
		<level value="info" />
		<appender-ref ref="Console" />
		<appender-ref ref="BEHAVIOR-OTHER-APPENDER" />
		<appender-ref ref="ERROR-APPENDER" />
	</root>
</log4j:configuration> 