﻿<beans xmlns="http://www.springframework.org/schema/beans"
	xmlns:xsi="http://www.w3.org/2001/XMLSchema-instance" xmlns:p="http://www.springframework.org/schema/p"
	xmlns:context="http://www.springframework.org/schema/context" xmlns:tx="http://www.springframework.org/schema/tx"
	xmlns:mvc="http://www.springframework.org/schema/mvc" xmlns:cache="http://www.springframework.org/schema/cache"
	xmlns:aop="http://www.springframework.org/schema/aop"
	xsi:schemaLocation="
		http://www.springframework.org/schema/beans
		http://www.springframework.org/schema/beans/spring-beans-3.2.xsd
		http://www.springframework.org/schema/context
		http://www.springframework.org/schema/context/spring-context-3.2.xsd
		http://www.springframework.org/schema/tx
		http://www.springframework.org/schema/tx/spring-tx-3.2.xsd
		http://www.springframework.org/schema/mvc
		http://www.springframework.org/schema/mvc/spring-mvc-3.2.xsd
		http://www.springframework.org/schema/cache 
    	http://www.springframework.org/schema/cache/spring-cache.xsd
    	http://www.springframework.org/schema/aop 
    	http://www.springframework.org/schema/aop/spring-aop-3.2.xsd">
    	

	<bean id="propertyConfigurer" class="org.springframework.beans.factory.config.PropertyPlaceholderConfigurer">
		<property name="locations">
			<list>
				<value>classpath:behavior-hbase.properties</value>
			</list>
		</property>
		<property name="fileEncoding" value="utf-8"/>
	</bean>

	<context:component-scan
		base-package="com.djt.controller">
		<context:include-filter type="annotation" expression="org.springframework.stereotype.Controller" />
	</context:component-scan>
	
	<aop:aspectj-autoproxy proxy-target-class="true"/>
	
	<context:annotation-config />

	<mvc:annotation-driven  validator="localValidator">
		<mvc:message-converters>
			<bean class="com.djt.controller.convert.JacksonHttpMessageConverter"/>
		</mvc:message-converters>
	</mvc:annotation-driven>

	<bean id="localValidator" class="org.springframework.validation.beanvalidation.LocalValidatorFactoryBean"> 
       <property name="traversableResolver">  
           <bean class="org.hibernate.validator.internal.engine.resolver.DefaultTraversableResolver"/>
       </property>
    </bean>
    
	<bean id="viewResolver"
		class="org.springframework.web.servlet.view.InternalResourceViewResolver">
		<property name="prefix" value="/WEB-INF/jsp/" />
		<property name="suffix" value=".jsp" />
	</bean>
</beans>