<?xml version="1.0" encoding="UTF-8"?>
<beans xmlns="http://www.springframework.org/schema/beans"
       xmlns:xsi="http://www.w3.org/2001/XMLSchema-instance"
       xmlns:aop="http://www.springframework.org/schema/aop"
       xmlns:context="http://www.springframework.org/schema/context"
       xsi:schemaLocation="
       http://www.springframework.org/schema/beans http://www.springframework.org/schema/beans/spring-beans.xsd
       http://www.springframework.org/schema/aop http://www.springframework.org/schema/aop/spring-aop-3.2.xsd
        http://www.springframework.org/schema/context http://www.springframework.org/schema/context/spring-context.xsd"
       default-autowire="byName">

    <context:component-scan base-package="com.djt"/>

    <context:annotation-config/>

    <!-- 开启@AspectJ AOP代理 -->
    <aop:aspectj-autoproxy/>

    <bean id="propertyConfigurer" class="org.springframework.beans.factory.config.PropertyPlaceholderConfigurer">
        <property name="locations">
            <list>
                <value>classpath:behavior-hbase.properties</value>
            </list>
        </property>
        <property name="fileEncoding" value="utf-8"/>
    </bean>

    <import resource="classpath:spring/spring-hbase.xml"/>
</beans>